gate_kind,gate_count,resource_nodes,measurements,edges,commands,compile_time_median_seconds,compile_time_seconds_raw
rotation,1,4,4,4,17,0.0041161999688483775,"[0.004273099999409169, 0.0041161999688483775, 0.002890000003390014]"
rotation,2,8,8,8,33,0.005637100024614483,"[0.006805400014854968, 0.0054132999503053725, 0.005637100024614483]"
rotation,5,20,20,20,81,0.013851099996827543,"[0.013851099996827543, 0.01265579997561872, 0.014389800024218857]"
rotation,10,40,40,40,161,0.027670699986629188,"[0.027670699986629188, 0.028249399969354272, 0.026004799990914762]"
rotation,20,80,80,80,321,0.0547367999679409,"[0.05103360000066459, 0.0547367999679409, 0.055965500010643154]"
rotation,50,200,200,200,801,0.13656309997895733,[0.13656309997895733]
rotation,100,400,400,400,1601,0.39771340001607314,[0.39771340001607314]
squeeze,1,5,5,5,21,0.005233800038695335,"[0.004822100047022104, 0.005233800038695335, 0.005428500007838011]"
squeeze,2,10,10,10,41,0.008666999987326562,"[0.009437399974558502, 0.008666999987326562, 0.008429899986367673]"
squeeze,5,25,25,25,101,0.018926899996586144,"[0.016874299966730177, 0.01999399997293949, 0.018926899996586144]"
squeeze,10,50,50,50,201,0.033388800045941025,"[0.03381160000571981, 0.033388800045941025, 0.03225119999842718]"
squeeze,20,100,100,100,401,0.06860400002915412,"[0.07001240004319698, 0.06860400002915412, 0.06668429996352643]"
squeeze,50,250,250,250,1001,0.164632799976971,[0.164632799976971]
squeeze,100,500,500,500,2001,0.51744070003042,[0.51744070003042]
cz,1,8,8,9,34,0.007000500045251101,"[0.007000500045251101, 0.006777500035241246, 0.007270199945196509]"
cz,2,16,16,18,67,0.013331199996173382,"[0.016122100001666695, 0.013331199996173382, 0.011076299997512251]"
cz,5,40,40,45,166,0.025640300009399652,"[0.02554439997766167, 0.025640300009399652, 0.026953200052957982]"
cz,10,80,80,90,331,0.059258900000713766,"[0.06676180002978072, 0.059258900000713766, 0.05174979998264462]"
cz,20,160,160,180,661,0.11816939996788278,"[0.11816939996788278, 0.12074549996759742, 0.10106980003183708]"
cz,50,400,400,450,1651,0.21642609999980778,[0.21642609999980778]
cz,100,800,800,900,3301,0.5481148000108078,[0.5481148000108078]
beamsplitter,1,96,96,102,391,0.052790199988521636,"[0.059872400015592575, 0.052790199988521636, 0.05120410001836717]"
beamsplitter,2,192,192,204,781,0.11298249999526888,"[0.2672271999763325, 0.11294760002056137, 0.11298249999526888]"
beamsplitter,5,480,480,510,1951,0.3331471999990754,"[0.3331471999990754, 0.31384660000912845, 0.4695045000407845]"
beamsplitter,10,960,960,1020,3901,0.7084350999793969,"[0.8178278999985196, 0.7084350999793969, 0.5603114999830723]"
beamsplitter,20,1920,1920,2040,7801,1.533322999952361,"[1.6662231999798678, 1.470981299993582, 1.533322999952361]"
