case,raised,exception_type,message,imprecise_message_expected
duplicate_inputs,True,ValueError,Duplicate inputs,False
duplicate_resource_node,True,ValueError,"Empty, duplicate or previously prepared resource nodes",False
self_cz,True,ValueError,Cyclic command dependencies,True
output_not_final,True,ValueError,Output must be the final command,False
duplicate_outputs,True,ValueError,Cyclic command dependencies,True
missing_or_measured_node,True,ValueError,Command 1 uses a missing or measured node,False
future_outcome_dependency,True,ValueError,Command 0 depends on a future outcome,False
cyclic_dependency,True,ValueError,Cyclic command dependencies,False
undefined_classical_key,True,ValueError,No producer for classical key: 'nonexistent',False
duplicate_classical_key,True,ValueError,Duplicate classical key: 'm',False
unsupported_measurement_description,True,NotImplementedError,Unsupported measurement description,False
ideal_graph_pattern,True,ValueError,Ideal graph is symbolic; choose finite squeezing to build a physical pattern,False
