gate,params,mean_vector_norm_error,covariance_frobenius_error,photon_number_error
displacement,"{'alpha': [-0.5711157540195813, -0.2934057744489251], 'q': -0.40400289674036816, 'p': 0.09148107786894766}",2.220446049250313e-16,0.0,0.0
displacement,"{'alpha': [-0.5984751442981722, 0.188555125932802], 'q': 0.8606372860083924, 'p': -0.44851294592101465}",1.6653345369377348e-16,0.0,0.0
displacement,"{'alpha': [0.07298830239781462, -0.35978295104944436], 'q': 0.3771127452825409, 'p': -0.9082182108302945}",4.440892098500626e-16,0.0,4.440892098500626e-16
displacement,"{'alpha': [0.09668225235722061, 0.4287328915006594], 'q': 0.20953116027095575, 'p': 0.3301880361282856}",1.1102230246251565e-16,0.0,0.0
displacement,"{'alpha': [-0.11561395497978078, -0.1734176290477769], 'q': -0.2157970200553716, 'p': 0.08224792429237326}",5.551115123125783e-17,0.0,0.0
displacement,"{'alpha': [0.7194358883827829, -0.16553256478385237], 'q': -0.4725640965161857, 'p': -0.5312717370515858}",0.0,0.0,0.0
displacement,"{'alpha': [-0.15115518411173423, -0.3522497810799212], 'q': 0.5131292330143162, 'p': 0.9160836683385547}",8.326672684688674e-17,0.0,0.0
displacement,"{'alpha': [-0.9132168353264389, 0.31367515710814], 'q': -0.6358286342233153, 'p': 0.17827960783706787}",2.220446049250313e-16,0.0,0.0
displacement,"{'alpha': [0.8954961384961007, -0.2722297937490994], 'q': -0.6532897128131223, 'p': -0.15051501950784174}",0.0,0.0,0.0
displacement,"{'alpha': [-0.8040157897409046, -0.8755713334259527], 'q': -0.18515707230147194, 'p': 0.44925484919160374}",0.0,0.0,0.0
displacement,"{'alpha': [-0.8244470714281535, -0.324098647625801], 'q': -0.8038414681377208, 'p': 0.5671881052956287}",2.220446049250313e-16,0.0,0.0
displacement,"{'alpha': [0.6391682975460122, -0.7324795185082156], 'q': 0.16204573932068755, 'p': 0.08567522859672994}",0.0,0.0,0.0
displacement,"{'alpha': [0.18880476690682957, -0.3175268145374517], 'q': 0.9602081716969384, 'p': -0.6536421694090555}",2.220446049250313e-16,0.0,2.220446049250313e-16
displacement,"{'alpha': [-0.35241678220302086, 0.7722910171273623], 'q': 0.777590093272158, 'p': -0.07482599245055299}",0.0,0.0,0.0
displacement,"{'alpha': [0.49119005652486836, -0.18416160933707415], 'q': -0.5099159190740126, 'p': 0.46253396288147}",1.4752290795525882e-16,0.0,0.0
displacement,"{'alpha': [0.9823321032837786, -0.845966320072044], 'q': 0.7645766598664829, 'p': 0.3818307880698071}",0.0,0.0,0.0
displacement,"{'alpha': [-0.7689819444390571, -0.8203387003790377], 'q': 0.5419886229429369, 'p': 0.9940685434203655}",0.0,0.0,0.0
displacement,"{'alpha': [0.8694467446704863, -0.9217571884609597], 'q': -0.07125346125235166, 'p': -0.6493473011361028}",4.965068306494546e-16,0.0,4.440892098500626e-16
displacement,"{'alpha': [-0.824380819539521, -0.8066886056455462], 'q': -0.4596340658995246, 'p': 0.2576235337263626}",0.0,0.0,0.0
displacement,"{'alpha': [0.025589830145180237, -0.39573145656630304], 'q': -0.5635315124910167, 'p': 0.14740256416325637}",1.1102230246251565e-16,0.0,1.1102230246251565e-16
rotation,"{'alpha': [-0.1648061949072932, 0.43154421789259034], 'angle': 2.477093812411047}",1.1102230246251565e-16,0.0,0.0
rotation,"{'alpha': [0.1343951893544335, 0.3834186716925059], 'angle': -3.091252653737838}",2.7755575615628914e-17,0.0,0.0
rotation,"{'alpha': [-0.47103611498710896, 0.8882241952743617], 'angle': 1.8180106430161675}",4.440892098500626e-16,0.0,2.220446049250313e-16
rotation,"{'alpha': [0.59432441253868, 0.3331896064437765], 'angle': 1.5302351182450629}",0.0,0.0,0.0
rotation,"{'alpha': [-0.5657151855862566, -0.9006096324805479], 'angle': 2.5434260639773028}",1.1102230246251565e-16,0.0,0.0
rotation,"{'alpha': [-0.5043310310282842, -0.6244430750949488], 'angle': -3.0902494439203885}",4.002966042486721e-16,0.0,0.0
rotation,"{'alpha': [-0.316056172670371, 0.23258471546536352], 'angle': 1.7491533851437637}",2.0014830212433605e-16,0.0,1.1102230246251565e-16
rotation,"{'alpha': [0.16696063216138102, 0.9207559050971232], 'angle': -0.31318033124070244}",4.577566798522237e-16,0.0,2.220446049250313e-16
rotation,"{'alpha': [-0.16373740746741938, -0.12404082063367139], 'angle': 1.5767271185978515}",0.0,0.0,0.0
rotation,"{'alpha': [-0.8447872169931334, 0.19492420794642706], 'angle': 2.3595880622273286}",0.0,0.0,0.0
rotation,"{'alpha': [-0.2765892825473433, -0.42602993771003184], 'angle': -1.647164304552591}",2.220446049250313e-16,0.0,1.1102230246251565e-16
rotation,"{'alpha': [0.37565733144858027, 0.00011643066332656105], 'angle': -0.8745288156493154}",1.2412670766236366e-16,0.0,1.1102230246251565e-16
rotation,"{'alpha': [-0.7163971859447016, -0.43856505692024705], 'angle': -2.3435104494769208}",3.885780586188048e-16,0.0,0.0
rotation,"{'alpha': [-0.8605735440696145, 0.8136744910148019], 'angle': -3.096131729426366}",2.220446049250313e-16,0.0,4.440892098500626e-16
rotation,"{'alpha': [-0.3197761336753491, 0.40716794296506875], 'angle': 2.922749348232651}",2.0014830212433605e-16,0.0,0.0
rotation,"{'alpha': [0.5165333779709373, -0.7985626454111983], 'angle': -1.000116473224272}",4.440892098500626e-16,0.0,4.440892098500626e-16
rotation,"{'alpha': [0.2588043224341734, 0.7257117129527022], 'angle': 1.2899515183840116}",0.0,0.0,0.0
rotation,"{'alpha': [-0.23596682066786667, 0.2796134337138312], 'angle': 2.797933205948678}",1.5700924586837752e-16,0.0,0.0
rotation,"{'alpha': [-0.9451352579618952, 0.7872694695890701], 'angle': 1.8766704430494912}",2.220446049250313e-16,0.0,0.0
rotation,"{'alpha': [0.2057958621014977, -0.24783755010300235], 'angle': 1.4194628099007893}",0.0,0.0,0.0
squeezing,"{'alpha': [-0.1515041256145413, 0.8832402174702889], 'r': -1.12494476874447}",2.220446049250313e-16,0.0,0.0
squeezing,"{'alpha': [-0.07512798850061442, 0.8585258294158586], 'r': 0.8492908560484309}",4.163336342344337e-17,0.0,0.0
squeezing,"{'alpha': [-0.30461177130313155, -0.9783393117159593], 'r': 0.7782621488949832}",5.551115123125783e-17,0.0,0.0
squeezing,"{'alpha': [0.08446294609986049, 0.952486910144354], 'r': -0.2863019277250207}",1.942890293094024e-16,0.0,0.0
squeezing,"{'alpha': [-0.34141612345614125, -0.9505808821565955], 'r': -0.12170901130449963}",4.965068306494546e-16,0.0,4.440892098500626e-16
squeezing,"{'alpha': [-0.14017994850130067, 0.845276518786044], 'r': -0.8154278876553165}",1.1102230246251565e-16,0.0,0.0
squeezing,"{'alpha': [0.3030252479791504, -0.08623665885835918], 'r': 0.9994106195426753}",0.0,0.0,0.0
squeezing,"{'alpha': [-0.5382857338749376, -0.16933706055969822], 'r': -0.06128550708818681}",1.1102230246251565e-16,0.0,0.0
squeezing,"{'alpha': [0.8098874595432917, -0.10547567680827918], 'r': -1.026166660792118}",0.0,0.0,0.0
squeezing,"{'alpha': [-0.9579889147063787, -0.9715609008896127], 'r': -0.38920069632130194}",4.440892098500626e-16,0.0,0.0
squeezing,"{'alpha': [0.369107560695606, 0.9380486977219251], 'r': -0.8680547053862251}",7.021666937153402e-16,0.0,4.440892098500626e-16
squeezing,"{'alpha': [0.409107899669672, 0.41294893405626576], 'r': -0.984072613378773}",4.440892098500626e-16,0.0,8.881784197001252e-16
squeezing,"{'alpha': [0.33340876471885417, -0.4650280800134672], 'r': -0.33650205481603523}",2.220446049250313e-16,0.0,1.1102230246251565e-16
squeezing,"{'alpha': [-0.18541493015514043, 0.7696627599341659], 'r': 0.5231035778003497}",4.440892098500626e-16,0.0,4.440892098500626e-16
squeezing,"{'alpha': [-0.6942375539515633, 0.9299981218533881], 'r': 0.9644587923486936}",0.0,0.0,0.0
squeezing,"{'alpha': [0.9655441150463444, -0.5404578049907016], 'r': -0.1898584653270099}",4.440892098500626e-16,0.0,0.0
squeezing,"{'alpha': [0.2617574708327497, -0.5577885100659943], 'r': 0.3889445090579797}",1.1102230246251565e-16,0.0,0.0
squeezing,"{'alpha': [0.6528762641999402, 0.4591812464299865], 'r': 0.26294415099041935}",0.0,0.0,0.0
squeezing,"{'alpha': [-0.6773301944305601, 0.15358440841361243], 'r': -0.6718272978090801}",4.652682298944613e-16,0.0,4.440892098500626e-16
squeezing,"{'alpha': [-0.2509420973385672, 0.19635047984122678], 'r': -1.155716198518106}",2.220446049250313e-16,0.0,0.0
beamsplitter,"{'alpha0': [0.3660461606168237, 0.2988597722202786], 'alpha1': [-0.29565464211307835, -0.8506977744183979], 'theta': -1.46822533140926}",2.482534153247273e-16,0.0,
beamsplitter,"{'alpha0': [-0.4597925596117822, -0.6701222521531285], 'alpha1': [0.07860390720925814, -0.9049923688842156], 'theta': -0.44613583872894025}",5.087681048627601e-16,0.0,
beamsplitter,"{'alpha0': [0.913449581826872, -0.790302647441179], 'alpha1': [-0.43606971867876143, -0.48857837318279795], 'theta': -0.8429058044384011}",6.753223014464259e-16,0.0,
beamsplitter,"{'alpha0': [-0.6340849740690213, -0.08033953397290183], 'alpha1': [0.020797740321836233, 0.6892557679260736], 'theta': -1.2093362647741275}",3.3306690738754696e-16,0.0,
beamsplitter,"{'alpha0': [0.9058292075987289, 0.1896311682713796], 'alpha1': [-0.5294869188336373, 0.7860538983107832], 'theta': -0.31899938031700725}",2.220446049250313e-16,0.0,
beamsplitter,"{'alpha0': [0.6222181266354136, 0.6454409292526719], 'alpha1': [-0.9972578077704521, 0.9318267084137908], 'theta': 0.00700689823570122}",4.440892098500626e-16,0.0,
beamsplitter,"{'alpha0': [0.9513451811947995, 0.4933374275913003], 'alpha1': [-0.9367858301160215, 0.2930522347309663], 'theta': 0.9052174302687983}",6.304854800243424e-16,0.0,
beamsplitter,"{'alpha0': [-0.206384631171719, 0.17509132882754908], 'alpha1': [0.8880265824083531, -0.10846761938899174], 'theta': -0.3494795192990574}",3.1401849173675503e-16,0.0,
beamsplitter,"{'alpha0': [-0.6553345500930738, 0.7553631506138079], 'alpha1': [-0.6778178054822812, 0.5176001302507784], 'theta': 1.4201479207113756}",7.108895957933346e-16,0.0,
beamsplitter,"{'alpha0': [0.2427300068870264, -0.702607160140821], 'alpha1': [-0.7832392060085467, 0.9601383763019786], 'theta': -0.5822137914143719}",2.482534153247273e-16,0.0,
beamsplitter,"{'alpha0': [0.3311541195081169, 0.13546769554310756], 'alpha1': [-0.10706238288317516, -0.8133934809742436], 'theta': -1.442392903578373}",2.7894008272968645e-16,0.0,
beamsplitter,"{'alpha0': [0.38523001312076954, -0.7502374959839995], 'alpha1': [0.7211465613571779, -0.28353480465153047], 'theta': 1.4071932641347908}",2.9893669801409083e-16,0.0,
beamsplitter,"{'alpha0': [-0.5155943740694799, 0.8571207976026851], 'alpha1': [-0.2125224432847197, 0.9496565285439647], 'theta': 1.4936499891593642}",2.220446049250313e-16,0.0,
beamsplitter,"{'alpha0': [0.9012380990721254, 0.48093897425219834], 'alpha1': [-0.47506221738413434, -0.3152196181933511], 'theta': 0.5801363682410248}",2.7194522477443605e-16,0.0,
beamsplitter,"{'alpha0': [-0.8315555243893447, 0.34877450047497627], 'alpha1': [0.3887812250026361, -0.7417550325352871], 'theta': 1.0450958494726206}",2.3714374201337736e-16,0.0,
beamsplitter,"{'alpha0': [-0.6720843905435354, 0.06258801339708153], 'alpha1': [-0.2618178476687816, -0.40295745117798565], 'theta': 1.1270224269649791}",1.6939998869943826e-16,0.0,
beamsplitter,"{'alpha0': [0.7134987806791147, -0.6632022147151861], 'alpha1': [0.8223339441722939, 0.6739752904826859], 'theta': -0.022449835703979737}",6.661338147750939e-16,0.0,
beamsplitter,"{'alpha0': [-0.7572102291657496, -0.37834036605157584], 'alpha1': [-0.18674189727561297, -0.4647819559184667], 'theta': 0.8447723227868593}",3.1401849173675503e-16,0.0,
beamsplitter,"{'alpha0': [0.445398246543643, 0.18318902563529105], 'alpha1': [0.7682657386170357, -0.6910138112785968], 'theta': 0.18149043898132589}",6.661338147750939e-16,0.0,
beamsplitter,"{'alpha0': [0.09525410840026494, 0.7623615141715521], 'alpha1': [-0.4829836009381716, 0.2092947697499663], 'theta': 1.1316728622740388}",2.0206364052201326e-16,0.0,
cz,"{'alpha0': [0.8413373400152535, 0.6299057314634966], 'alpha1': [-0.6629296617092864, -0.10076754702090818], 'weight': -1.014478936783739}",2.220446049250313e-16,0.0,
cz,"{'alpha0': [0.09723853412347738, 0.18174934161075496], 'alpha1': [0.9693701112383597, 0.6701518519980982], 'weight': -0.5687957953153955}",3.2487068343022356e-16,0.0,
cz,"{'alpha0': [-0.39320641486315244, 0.9552636947225888], 'alpha1': [0.2227353155316596, -0.8966292209483668], 'weight': 0.8594360687689102}",4.965068306494546e-16,0.0,
cz,"{'alpha0': [0.2509155034791639, -0.858869095241739], 'alpha1': [0.9905807496749734, 0.8336962496912432], 'weight': 0.009530624979969371}",0.0,0.0,
cz,"{'alpha0': [0.6778780617455704, 0.4317759778031558], 'alpha1': [-0.572414248363156, -0.9880031398522622], 'weight': 1.3817378708868584}",8.95090418262362e-16,0.0,
cz,"{'alpha0': [0.07654491423502363, 0.12072882959089015], 'alpha1': [0.6096690965672795, -0.4239061311511918], 'weight': 1.9171807023747425}",2.220446049250313e-16,0.0,
cz,"{'alpha0': [0.9425770482871574, 0.044613345127531456], 'alpha1': [0.6440727503801718, -0.7850375232398366], 'weight': 1.1765911026840663}",3.1401849173675503e-16,0.0,
cz,"{'alpha0': [0.7579395447782005, 0.34257458508937244], 'alpha1': [0.4028859211871776, -0.9459177812560129], 'weight': -0.6096743913938871}",4.652682298944613e-16,0.0,
cz,"{'alpha0': [-0.07013329995196949, -0.152589260042874], 'alpha1': [0.9046529892201154, -0.42869344826271094], 'weight': -1.591944065298534}",3.2487068343022356e-16,0.0,
cz,"{'alpha0': [-0.3410147389097906, 0.6644883857737034], 'alpha1': [-0.7372208905923423, 0.21887127318408872], 'weight': -0.7286412915848395}",3.1401849173675503e-16,0.0,
cz,"{'alpha0': [-0.6249919622669975, 0.7926189546567735], 'alpha1': [-0.26020267794229057, -0.95172424357804], 'weight': 1.9087212931714443}",1.047382306668854e-15,0.0,
cz,"{'alpha0': [-0.19934514457417052, 0.09408775562997906], 'alpha1': [0.549446759485744, 0.5297201235383802], 'weight': 1.442804401280831}",8.005932084973442e-16,0.0,
cz,"{'alpha0': [-0.18568647059225052, 0.24960896670441723], 'alpha1': [0.12218586102626938, -0.4874702984505386], 'weight': 1.0338543104303994}",1.1102230246251565e-16,0.0,
cz,"{'alpha0': [-0.20515184677559573, -0.6224260032610522], 'alpha1': [-0.2546707229295211, -0.9970371224028409], 'weight': -1.810301298057849}",5.874748045952207e-16,0.0,
cz,"{'alpha0': [0.5766281038175547, 0.5802444358683163], 'alpha1': [-0.16256572186364315, -0.8590466718191299], 'weight': -0.24033897626975165}",2.482534153247273e-16,0.0,
cz,"{'alpha0': [0.5287379234423781, 0.1887523942706988], 'alpha1': [0.5338995770723478, 0.5137772764590842], 'weight': 1.8954027026976816}",0.0,0.0,
cz,"{'alpha0': [0.5641029017380907, 0.17019106255534555], 'alpha1': [0.449397334080897, -0.042541337202512075], 'weight': -1.127473251679688}",2.220446049250313e-16,0.0,
cz,"{'alpha0': [-0.19749184461099434, 0.48182379578545254], 'alpha1': [-0.8306983181457535, 0.9177685695099194], 'weight': 1.4696890715871764}",4.965068306494546e-16,0.0,
cz,"{'alpha0': [0.15716578156498984, 0.14362031557182187], 'alpha1': [0.47382755238644814, 0.2872149252658118], 'weight': 0.5321472094454522}",0.0,0.0,
cz,"{'alpha0': [0.6766110733166495, 0.024295285794361243], 'alpha1': [0.8058143694873212, 0.9405858727914616], 'weight': -1.3634983059370716}",3.1401849173675503e-16,0.0,
compound(squeeze+rotate+cz+displace),"{'r': -0.13696201789119783, 'angle': -0.43440882568672023, 'weight': -0.36672729810590665, 'q': -0.3171217217043818, 'p': 0.8551890266219846}",1.1970346188077032e-15,2.8373208998997885e-16,
compound(squeeze+rotate+cz+displace),"{'r': 0.5341192395901194, 'angle': 2.1050008263532147, 'weight': -0.32427295876952544, 'q': -0.05439865679758227, 'p': -0.21400380837990873}",2.1784148785229476e-15,6.329245045284193e-16,
compound(squeeze+rotate+cz+displace),"{'r': -0.11272301800035989, 'angle': 2.0375737758326107, 'weight': -0.758925755578379, 'q': 0.8102553445143974, 'p': 0.4881645986612704}",1.4392811567525336e-15,3.885780586188048e-16,
compound(squeeze+rotate+cz+displace),"{'r': 0.3089839729486439, 'angle': 0.5495380826419796, 'weight': -0.9048587869231759, 'q': -0.3103642282642538, 'p': 0.41623080442798943}",1.0532500405730103e-15,2.7194799110210365e-16,
compound(squeeze+rotate+cz+displace),"{'r': 0.44312465340465657, 'angle': 2.9712770160929223, 'weight': 0.20986230349243562, 'q': 0.709099761043928, 'p': -0.6068789705055888}",1.2028928328068675e-15,2.5739461938222585e-16,
compound(squeeze+rotate+cz+displace),"{'r': 0.4102551003701106, 'angle': -1.5008318450608589, 'weight': -0.5349819030913567, 'q': -0.4023353493176245, 'p': -0.9869203437839644}",4.710277376051325e-16,5.978733960281817e-16,
compound(squeeze+rotate+cz+displace),"{'r': -0.25685436615334806, 'angle': -1.2396779911951565, 'weight': 0.90811379645459, 'q': -0.6253511230208035, 'p': -0.8618087355542017}",8.960581419835649e-16,5.324442579404919e-16,
compound(squeeze+rotate+cz+displace),"{'r': -0.332763338263162, 'angle': 3.0436854968008875, 'weight': -0.054470854315584294, 'q': 0.5608433009910627, 'p': -0.14615254545682177}",1.1322097734007351e-15,9.813077866773595e-18,
compound(squeeze+rotate+cz+displace),"{'r': -0.22192947198554103, 'angle': 1.3991360992103, 'weight': 0.8137776992513082, 'q': 0.9630519035162779, 'p': 0.7775815114273414}",9.992007221626409e-16,2.8576114088871287e-16,
compound(squeeze+rotate+cz+displace),"{'r': 0.5186789193702702, 'angle': -1.8078570492108992, 'weight': 0.7927523943876831, 'q': -0.13595095585835404, 'p': -0.9989882049756547}",1.0477500027681815e-15,2.3180121734069292e-17,
compound(squeeze+rotate+cz+displace),"{'r': 0.11785642458484091, 'angle': 2.764666208534046, 'weight': 0.5230331862723363, 'q': -0.29301874117707305, 'p': 0.002326019895860565}",5.133374763649967e-16,2.5210253502251575e-16,
compound(squeeze+rotate+cz+displace),"{'r': -0.1893888387192716, 'angle': 0.7747547556985275, 'weight': 0.01913725372978492, 'q': -0.4800221017459505, 'p': -0.23880029132186165}",1.137640067256873e-15,6.938893903907228e-18,
compound(squeeze+rotate+cz+displace),"{'r': 0.4460318267941791, 'angle': -1.0840426828989989, 'weight': -0.7540825949907815, 'q': -0.15313910052629565, 'p': -0.4652812443628045}",2.1868857395626282e-15,1.5700924586837752e-16,
compound(squeeze+rotate+cz+displace),"{'r': 0.14833802610150215, 'angle': 2.7796813307770947, 'weight': 0.01932029084221787, 'q': -0.9944303533901964, 'p': 0.23005058158060532}",1.5270651635494201e-15,7.85261819125922e-17,
compound(squeeze+rotate+cz+displace),"{'r': -0.5170688975855972, 'angle': -2.574876115068023, 'weight': 0.11179096716564985, 'q': 0.20104450707296406, 'p': 0.8666667739888332}",1.2758510841771824e-15,4.999857065771613e-16,
compound(squeeze+rotate+cz+displace),"{'r': -0.13278281410781856, 'angle': 2.8538952550933745, 'weight': -0.7276633504238248, 'q': 0.49414210799890723, 'p': -0.6745417544648302}",6.871957671317179e-16,2.220446049250313e-16,
compound(squeeze+rotate+cz+displace),"{'r': -0.5953421253185238, 'angle': -1.5721065846379083, 'weight': 0.08305137556389353, 'q': -0.5339632086167807, 'p': -0.09773953562946369}",2.7303643765501543e-15,4.578749955049992e-16,
compound(squeeze+rotate+cz+displace),"{'r': -0.0001192127311581137, 'angle': 1.9164587293881379, 'weight': -0.4886202380593827, 'q': -0.58104786674927, 'p': 0.8955681653346625}",7.736788912175082e-16,1.1292628106320432e-16,
compound(squeeze+rotate+cz+displace),"{'r': 0.21505682779854407, 'angle': -1.2538119052023835, 'weight': -0.25405167713564225, 'q': -0.3857953641293721, 'p': -0.1610658707618}",2.068861210522879e-15,1.1102230246251565e-16,
compound(squeeze+rotate+cz+displace),"{'r': -0.3288880918274658, 'angle': -1.1256136812081436, 'weight': -0.6403177571990888, 'q': -0.5389185722690213, 'p': -0.6355836875870486}",1.5934698110350668e-15,4.509747244882934e-16,
