sample,n_gates,gaussian_vs_piquasso_mean_error,gaussian_vs_piquasso_covariance_error,gaussian_vs_piquasso_photon_number_error,mixed_fock_photon_number_error,mixed_fock_q_error,mixed_fock_cutoff,mixed_fock_ok,mixed_fock_error
0,4,1.4686870114880517e-16,1.1249767632177947e-16,0.0,1.4210854715202004e-14,2.051414593751133e-13,14,True,
1,4,2.0206364052201326e-16,7.506179160044328e-16,1.1102230246251565e-16,8.333611578592581e-15,1.4654943925052066e-14,14,True,
2,4,5.147892387644517e-16,1.5727839873962653e-16,1.1102230246251565e-16,4.794709074218417e-11,6.762657100978231e-11,14,True,
3,4,4.451720917549152e-16,2.4883457901194043e-16,3.3306690738754696e-16,5.468453987689248e-07,5.170926847819501e-07,14,True,
4,4,2.6766507790745728e-16,5.652618001501286e-16,1.1102230246251565e-16,3.79033339525936e-06,6.866440491193337e-08,14,True,
5,4,3.3103687685155823e-16,4.443601777255714e-16,0.0,,,14,False,Fock truncation norm 0.99871849; increase cutoff=14
6,4,3.212940164695817e-16,1.1106042336421726e-16,0.0,1.8620472913566388e-08,1.871330312930297e-09,14,True,
7,4,3.8665270196011714e-16,2.9899331023129757e-16,1.1102230246251565e-16,6.346898319409267e-08,6.452062428774497e-08,14,True,
8,4,3.840914392954655e-16,6.336230365925374e-16,1.1102230246251565e-16,1.920155491988429e-05,4.099049009276268e-06,14,True,
9,4,4.714875012456817e-16,2.248777054624332e-16,0.0,2.6904700689556194e-11,4.7561510285731856e-11,14,True,
10,4,2.897767167584095e-16,1.961826455783375e-17,0.0,8.856036638749121e-08,7.43912460521301e-08,14,True,
11,4,2.0816681711721685e-16,1.728988590255679e-16,1.1102230246251565e-16,8.679253382615822e-06,3.603835869003813e-06,14,True,
12,4,3.744431865468923e-16,4.098720543879116e-18,1.1102230246251565e-16,5.898059818321144e-17,3.3306690738754696e-16,14,True,
13,4,4.742874840267547e-16,5.347257588974309e-17,1.1102230246251565e-16,1.8041124150158794e-16,4.996003610813204e-16,14,True,
14,4,3.458500926826531e-16,2.23470062416078e-16,0.0,0.0001508795574578503,0.00010332304192972597,14,True,
