n,theta,k,analytic_probability,photographiq_probability,absolute_error,relative_error,conditional_photon_number,expected_conditional_photon_number,conditional_photon_number_error
1,0.05,0,0.997502082639013,0.997502082639013,0.0,0.0,1.0,1,0.0
1,0.05,1,0.002497917360987117,0.002497917360987117,0.0,0.0,0.0,0,0.0
1,0.15505688048534977,0,0.9761494299784229,0.9761494299784229,0.0,0.0,0.9999999999999998,1,2.220446049250313e-16
1,0.15505688048534977,1,0.02385057002157705,0.02385057002157705,0.0,0.0,0.0,0,0.0
1,0.2601137609706995,0,0.9338530530415777,0.9338530530415777,0.0,0.0,1.0,1,0.0
1,0.2601137609706995,1,0.06614694695842235,0.06614694695842235,0.0,0.0,0.0,0,0.0
1,0.3651706414560492,0,0.8724733838707666,0.872473383870767,4.440892098500626e-16,5.090002950919159e-16,1.0,1,0.0
1,0.3651706414560492,1,0.12752661612923327,0.12752661612923333,5.551115123125783e-17,4.3529070962726543e-16,0.0,0,0.0
1,0.470227521941399,0,0.794710244803989,0.7947102448039894,4.440892098500626e-16,5.588064489587583e-16,1.0,1,0.0
1,0.470227521941399,1,0.2052897551960109,0.205289755196011,1.1102230246251565e-16,5.408078077569503e-16,0.0,0,0.0
1,0.5752844024267488,0,0.703984095136018,0.703984095136018,0.0,0.0,1.0,1,0.0
1,0.5752844024267488,1,0.29601590486398194,0.29601590486398194,0.0,0.0,0.0,0,0.0
1,0.6803412829120985,0,0.6042855801215974,0.6042855801215977,3.3306690738754696e-16,5.511746736046979e-16,0.9999999999999998,1,2.220446049250313e-16
1,0.6803412829120985,1,0.3957144198784025,0.39571441987840267,1.6653345369377348e-16,4.208425200803824e-16,0.0,0,0.0
1,0.7853981633974483,0,0.5000000000000001,0.5000000000000001,0.0,0.0,1.0,1,0.0
1,0.7853981633974483,1,0.5000000000000001,0.5000000000000001,0.0,0.0,0.0,0,0.0
1,0.8904550438827981,0,0.39571441987840267,0.39571441987840267,0.0,0.0,1.0,1,0.0
1,0.8904550438827981,1,0.6042855801215974,0.6042855801215974,0.0,0.0,0.0,0,0.0
1,0.9955119243681478,0,0.29601590486398194,0.29601590486398194,0.0,0.0,1.0,1,0.0
1,0.9955119243681478,1,0.7039840951360181,0.7039840951360181,0.0,0.0,0.0,0,0.0
1,1.1005688048534976,0,0.2052897551960109,0.205289755196011,1.1102230246251565e-16,5.408078077569503e-16,1.0,1,0.0
1,1.1005688048534976,1,0.794710244803989,0.7947102448039894,4.440892098500626e-16,5.588064489587583e-16,0.0,0,0.0
1,1.2056256853388474,0,0.12752661612923327,0.12752661612923333,5.551115123125783e-17,4.3529070962726543e-16,1.0,1,0.0
1,1.2056256853388474,1,0.8724733838707666,0.872473383870767,4.440892098500626e-16,5.090002950919159e-16,0.0,0,0.0
1,1.310682565824197,0,0.06614694695842245,0.06614694695842245,0.0,0.0,1.0,1,0.0
1,1.310682565824197,1,0.9338530530415775,0.9338530530415775,0.0,0.0,0.0,0,0.0
1,1.4157394463095467,0,0.023850570021577092,0.023850570021577092,0.0,0.0,1.0,1,0.0
1,1.4157394463095467,1,0.9761494299784229,0.9761494299784229,0.0,0.0,0.0,0,0.0
1,1.5207963267948965,0,0.0024979173609871274,0.0024979173609871274,0.0,0.0,1.0,1,0.0
1,1.5207963267948965,1,0.997502082639013,0.997502082639013,0.0,0.0,0.0,0,0.0
2,0.05,0,0.9950104048691683,0.995010404869168,2.220446049250313e-16,2.2315807336128057e-16,1.9999999999999996,2,4.440892098500626e-16
2,0.05,1,0.004983355539689593,0.0049833555396895934,8.673617379884035e-19,1.7405174707691646e-16,1.0,1,0.0
2,0.05,2,6.239591142320844e-06,6.239591142320843e-06,8.470329472543003e-22,1.357513542047953e-16,0.0,0,0.0
2,0.15505688048534977,0,0.9528677096472,0.9528677096472002,2.220446049250313e-16,2.330277358304475e-16,2.0,2,0.0
2,0.15505688048534977,1,0.0465634406624458,0.0465634406624458,0.0,0.0,1.0,1,0.0
2,0.15505688048534977,2,0.0005688496903541499,0.0005688496903541499,0.0,0.0,0.0,0,0.0
2,0.2601137609706995,0,0.8720815246750757,0.8720815246750758,1.1102230246251565e-16,1.2730725204146582e-16,2.0,2,0.0
2,0.2601137609706995,1,0.12354305673300403,0.12354305673300407,4.163336342344337e-17,3.3699476542352045e-16,0.9999999999999998,1,2.220446049250313e-16
2,0.2601137609706995,2,0.004375418591920341,0.00437541859192034,8.673617379884035e-19,1.9823514476765172e-16,0.0,0,0.0
2,0.3651706414560492,0,0.7612098055629061,0.7612098055629064,3.3306690738754696e-16,4.3754941798371574e-16,2.0,2,0.0
2,0.3651706414560492,1,0.22252715661572087,0.22252715661572112,2.498001805406602e-16,1.1225604296559487e-15,0.9999999999999998,1,2.220446049250313e-16
2,0.3651706414560492,2,0.01626303782137282,0.016263037821372835,1.3877787807814457e-17,8.533330586968396e-16,0.0,0,0.0
2,0.470227521941399,0,0.6315643731964162,0.6315643731964165,2.220446049250313e-16,3.515787374155374e-16,2.0,2,0.0
2,0.470227521941399,1,0.3262917432151456,0.32629174321514576,1.6653345369377348e-16,5.103820649974799e-16,1.0,1,0.0
2,0.470227521941399,2,0.04214388358843808,0.04214388358843809,6.938893903907228e-18,1.646477095388255e-16,0.0,0,0.0
2,0.5752844024267488,0,0.495593606204478,0.49559360620447807,5.551115123125783e-17,1.1200941766862577e-16,2.0,2,0.0
2,0.5752844024267488,1,0.4167809778630798,0.4167809778630799,5.551115123125783e-17,1.3319022263413915e-16,1.0,1,0.0
2,0.5752844024267488,2,0.087625415932442,0.08762541593244204,4.163336342344337e-17,4.751288536597889e-16,0.0,0,0.0
2,0.6803412829120985,0,0.3651610623428955,0.36516106234289547,5.551115123125783e-17,1.5201826524190427e-16,2.0,2,0.0
2,0.6803412829120985,1,0.47824903555740367,0.4782490355574039,2.220446049250313e-16,4.642865712551542e-16,1.0,1,0.0
2,0.6803412829120985,2,0.15658990209970064,0.15658990209970064,0.0,0.0,0.0,0,0.0
2,0.7853981633974483,0,0.25000000000000006,0.25,5.551115123125783e-17,2.2204460492503126e-16,2.0,2,0.0
2,0.7853981633974483,1,0.5000000000000002,0.5000000000000001,1.1102230246251565e-16,2.220446049250312e-16,1.0,1,0.0
2,0.7853981633974483,2,0.25000000000000006,0.25,5.551115123125783e-17,2.2204460492503126e-16,0.0,0,0.0
2,0.8904550438827981,0,0.15658990209970075,0.15658990209970075,0.0,0.0,2.0,2,0.0
2,0.8904550438827981,1,0.47824903555740383,0.4782490355574039,5.551115123125783e-17,1.1607164281378854e-16,1.0,1,0.0
2,0.8904550438827981,2,0.3651610623428955,0.36516106234289547,5.551115123125783e-17,1.5201826524190427e-16,0.0,0,0.0
2,0.9955119243681478,0,0.087625415932442,0.08762541593244197,2.7755575615628914e-17,3.1675256910652593e-16,2.0,2,0.0
2,0.9955119243681478,1,0.4167809778630799,0.4167809778630799,0.0,0.0,1.0,1,0.0
2,0.9955119243681478,2,0.4955936062044783,0.49559360620447807,2.220446049250313e-16,4.480376706745029e-16,0.0,0,0.0
2,1.1005688048534976,0,0.04214388358843808,0.04214388358843809,6.938893903907228e-18,1.646477095388255e-16,2.0,2,0.0
2,1.1005688048534976,1,0.3262917432151456,0.32629174321514576,1.6653345369377348e-16,5.103820649974799e-16,1.0,1,0.0
2,1.1005688048534976,2,0.6315643731964162,0.6315643731964165,2.220446049250313e-16,3.515787374155374e-16,0.0,0,0.0
2,1.2056256853388474,0,0.01626303782137282,0.01626303782137283,6.938893903907228e-18,4.266665293484198e-16,2.0,2,0.0
2,1.2056256853388474,1,0.22252715661572087,0.222527156615721,1.3877787807814457e-16,6.236446831421938e-16,1.0,1,0.0
2,1.2056256853388474,2,0.7612098055629061,0.7612098055629062,1.1102230246251565e-16,1.458498059945719e-16,0.0,0,0.0
2,1.310682565824197,0,0.004375418591920352,0.004375418591920353,8.673617379884035e-19,1.982351447676512e-16,2.0,2,0.0
2,1.310682565824197,1,0.12354305673300418,0.12354305673300423,4.163336342344337e-17,3.3699476542352e-16,1.0,1,0.0
2,1.310682565824197,2,0.8720815246750754,0.8720815246750754,0.0,0.0,0.0,0,0.0
2,1.4157394463095467,0,0.000568849690354152,0.000568849690354152,0.0,0.0,2.0,2,0.0
2,1.4157394463095467,1,0.04656344066244588,0.046563440662445894,1.3877787807814457e-17,2.9804042850740415e-16,0.9999999999999998,1,2.220446049250313e-16
2,1.4157394463095467,2,0.9528677096472,0.9528677096472002,2.220446049250313e-16,2.330277358304475e-16,0.0,0,0.0
2,1.5207963267948965,0,6.239591142320896e-06,6.239591142320897e-06,1.6940658945086007e-21,2.715027084095884e-16,2.0,2,0.0
2,1.5207963267948965,1,0.004983355539689613,0.004983355539689613,0.0,0.0,1.0,1,0.0
2,1.5207963267948965,2,0.9950104048691683,0.995010404869168,2.220446049250313e-16,2.2315807336128057e-16,0.0,0,0.0
3,0.05,0,0.9925249511044828,0.9925249511044829,1.1102230246251565e-16,1.118584498444799e-16,2.999999999999999,3,8.881784197001252e-16
3,0.05,1,0.007456361294056546,0.007456361294056546,0.0,0.0,2.0,2,0.0
3,0.05,2,1.8672015477842942e-05,1.8672015477842942e-05,0.0,0.0,1.0,1,0.0
3,0.05,3,1.5585983039864675e-08,1.558598303986468e-08,3.308722450212111e-24,2.1228833893565168e-16,0.0,0,0.0
3,0.15505688048534977,0,0.9301412716169597,0.9301412716169598,1.1102230246251565e-16,1.1936068837104091e-16,3.0,3,0.0
3,0.15505688048534977,1,0.06817931409072088,0.06817931409072085,2.7755575615628914e-17,4.0709672700280823e-16,2.0,2,0.0
3,0.15505688048534977,2,0.0016658469029478173,0.0016658469029478171,2.168404344971009e-19,1.3016828504071325e-16,1.0,1,0.0
3,0.15505688048534977,3,1.3567389371544075e-05,1.3567389371544075e-05,0.0,0.0,0.0,0,0.0
3,0.2601137609706995,0,0.8143959943189735,0.8143959943189735,0.0,0.0,3.0,3,0.0
3,0.2601137609706995,1,0.17305659106830698,0.17305659106830698,0.0,0.0,2.0,2,0.0
3,0.2601137609706995,2,0.012257994031199072,0.012257994031199072,0.0,0.0,1.0,1,0.0
3,0.2601137609706995,3,0.0002894205815206498,0.00028942058152064986,5.421010862427522e-20,1.8730564474526631e-16,0.0,0,0.0
3,0.3651706414560492,0,0.6641352948950769,0.6641352948950773,3.3306690738754696e-16,5.015046029742575e-16,2.999999999999999,3,8.881784197001252e-16
3,0.3651706414560492,1,0.29122353200348705,0.29122353200348716,1.1102230246251565e-16,3.8122709967402735e-16,2.0,2,0.0
3,0.3651706414560492,2,0.042567202920094215,0.042567202920094235,2.0816681711721685e-17,4.890309976626393e-16,1.0,1,0.0
3,0.3651706414560492,3,0.002073970181341414,0.002073970181341416,1.734723475976807e-18,8.364264306128128e-16,0.0,0,0.0
3,0.470227521941399,0,0.5019106776324018,0.5019106776324019,1.1102230246251565e-16,2.2119932372474474e-16,3.0,3,0.0
3,0.470227521941399,1,0.38896108669204305,0.388961086692043,5.551115123125783e-17,1.427164647840681e-16,2.0,2,0.0
3,0.470227521941399,2,0.10047652813067534,0.10047652813067533,1.3877787807814457e-17,1.38119698859077e-16,1.0,1,0.0
3,0.470227521941399,3,0.008651707544879634,0.008651707544879638,3.469446951953614e-18,4.0101297159621945e-16,0.0,0,0.0
3,0.5752844024267488,0,0.3488900164190555,0.34889001641905565,1.6653345369377348e-16,4.773236431441719e-16,2.999999999999999,3,8.881784197001252e-16
3,0.5752844024267488,1,0.44011076935626753,0.4401107693562676,5.551115123125783e-17,1.2612995431230136e-16,2.0,2,0.0
3,0.5752844024267488,2,0.18506069743835218,0.18506069743835235,1.6653345369377348e-16,8.998855834813303e-16,1.0,1,0.0
3,0.5752844024267488,3,0.025938516786324597,0.025938516786324622,2.42861286636753e-17,9.362959672574464e-16,0.0,0,0.0
3,0.6803412829120985,0,0.22066156439569543,0.22066156439569554,1.1102230246251565e-16,5.031338500955603e-16,3.0,3,0.0
3,0.6803412829120985,1,0.43349849384160016,0.43349849384160044,2.7755575615628914e-16,6.402692514491358e-16,2.0,2,0.0
3,0.6803412829120985,2,0.2838750594945052,0.2838750594945053,1.1102230246251565e-16,3.910956554626971e-16,1.0,1,0.0
3,0.6803412829120985,3,0.061964882268198886,0.061964882268198906,2.0816681711721685e-17,3.359432141196055e-16,0.0,0,0.0
3,0.7853981633974483,0,0.12500000000000006,0.12500000000000003,2.7755575615628914e-17,2.220446049250312e-16,3.0,3,0.0
3,0.7853981633974483,1,0.3750000000000002,0.37499999999999994,2.7755575615628914e-16,7.401486830834372e-16,2.0,2,0.0
3,0.7853981633974483,2,0.3750000000000002,0.37500000000000006,1.6653345369377348e-16,4.4408920985006237e-16,1.0,1,0.0
3,0.7853981633974483,3,0.12500000000000006,0.12500000000000003,2.7755575615628914e-17,2.220446049250312e-16,0.0,0,0.0
3,0.8904550438827981,0,0.061964882268198955,0.06196488226819896,6.938893903907228e-18,1.119810713732017e-16,3.0,3,0.0
3,0.8904550438827981,1,0.2838750594945054,0.2838750594945054,0.0,0.0,2.0,2,0.0
3,0.8904550438827981,2,0.4334984938416004,0.4334984938416003,1.1102230246251565e-16,2.5610770057965416e-16,1.0,1,0.0
3,0.8904550438827981,3,0.22066156439569543,0.22066156439569543,0.0,0.0,0.0,0,0.0
3,0.9955119243681478,0,0.025938516786324597,0.025938516786324594,3.469446951953614e-18,1.3375656675106377e-16,3.0,3,0.0
3,0.9955119243681478,1,0.18506069743835218,0.1850606974383522,2.7755575615628914e-17,1.4998093058022172e-16,2.0,2,0.0
3,0.9955119243681478,2,0.4401107693562677,0.4401107693562676,1.1102230246251565e-16,2.522599086246026e-16,1.0,1,0.0
3,0.9955119243681478,3,0.34889001641905576,0.34889001641905565,1.1102230246251565e-16,3.182157620961143e-16,0.0,0,0.0
3,1.1005688048534976,0,0.008651707544879634,0.008651707544879638,3.469446951953614e-18,4.0101297159621945e-16,3.0,3,0.0
3,1.1005688048534976,1,0.10047652813067534,0.10047652813067533,1.3877787807814457e-17,1.38119698859077e-16,2.0,2,0.0
3,1.1005688048534976,2,0.38896108669204305,0.38896108669204316,1.1102230246251565e-16,2.854329295681362e-16,0.9999999999999998,1,2.220446049250313e-16
3,1.1005688048534976,3,0.5019106776324018,0.5019106776324019,1.1102230246251565e-16,2.2119932372474474e-16,0.0,0,0.0
3,1.2056256853388474,0,0.002073970181341414,0.002073970181341416,1.734723475976807e-18,8.364264306128128e-16,3.0,3,0.0
3,1.2056256853388474,1,0.042567202920094215,0.042567202920094235,2.0816681711721685e-17,4.890309976626393e-16,2.0,2,0.0
3,1.2056256853388474,2,0.29122353200348705,0.29122353200348716,1.1102230246251565e-16,3.8122709967402735e-16,1.0,1,0.0
3,1.2056256853388474,3,0.6641352948950769,0.6641352948950773,3.3306690738754696e-16,5.015046029742575e-16,0.0,0,0.0
3,1.310682565824197,0,0.00028942058152065095,0.000289420581520651,5.421010862427522e-20,1.8730564474526557e-16,3.0,3,0.0
3,1.310682565824197,1,0.012257994031199104,0.012257994031199107,3.469446951953614e-18,2.8303545776928604e-16,2.0,2,0.0
3,1.310682565824197,2,0.17305659106830718,0.17305659106830712,5.551115123125783e-17,3.2076877793892877e-16,1.0,1,0.0
3,1.310682565824197,3,0.8143959943189729,0.8143959943189731,2.220446049250313e-16,2.7264943157132416e-16,0.0,0,0.0
3,1.4157394463095467,0,1.3567389371544148e-05,1.3567389371544148e-05,0.0,0.0,3.0,3,0.0
3,1.4157394463095467,1,0.0016658469029478234,0.0016658469029478232,2.168404344971009e-19,1.3016828504071278e-16,1.9999999999999996,2,4.440892098500626e-16
3,1.4157394463095467,2,0.068179314090721,0.06817931409072099,1.3877787807814457e-17,2.0354836350140375e-16,1.0,1,0.0
3,1.4157394463095467,3,0.9301412716169597,0.9301412716169598,1.1102230246251565e-16,1.1936068837104091e-16,0.0,0,0.0
3,1.5207963267948965,0,1.5585983039864867e-08,1.558598303986488e-08,1.3234889800848443e-23,8.491533557425962e-16,3.0,3,0.0
3,1.5207963267948965,1,1.8672015477843094e-05,1.86720154778431e-05,6.776263578034403e-21,3.629101307288101e-16,2.0,2,0.0
3,1.5207963267948965,2,0.0074563612940565785,0.00745636129405658,1.734723475976807e-18,2.326501369185993e-16,1.0,1,0.0
3,1.5207963267948965,3,0.9925249511044828,0.9925249511044829,1.1102230246251565e-16,1.118584498444799e-16,0.0,0,0.0
