n,before_probability,after_probability
0,0.8435507402372252,2.186113818063927e-198
1,8.435507402372252e-199,0.6164431344830438
2,0.12164939593521241,2.7120459472327325e-198
3,3.6494818780563718e-199,0.2549153800928789
4,0.026314793216660064,1.5576417010466535e-198
5,1.3157396608330033e-199,0.0878451546905342
6,0.006324809613836389,7.013812484670801e-199
7,4.4273667296854726e-200,0.028253767138227494
8,0.0015961887725284664,2.7968096056821057e-199
9,1.4365698952756206e-200,0.008762754485622866
10,0.00041433870339523316,1.0366150822547415e-199
11,4.557725737347563e-201,0.00265732754242344
12,0.0001095457878899653,3.6588285280282296e-200
13,1.4240952425695487e-201,0.0007936316059740246
14,2.933862401077149e-05,1.246995673460651e-200
15,4.400793601615722e-202,0.0002344196095930808
16,7.933042106061498e-06,4.139646985647991e-201
17,1.3486171580304549e-202,6.866487550002459e-05
18,2.1609509896244697e-06,1.3463588918809403e-201
19,4.1058068802864926e-203,1.9981472640538548e-05
20,5.921030033985023e-07,4.307522907296224e-202
21,1.2434163071368546e-203,5.784003561131254e-06
22,1.6301314242724749e-07,1.3597311662339202e-202
23,3.749302275826691e-204,0.0
