gamma,cutoff,fidelity_to_independent_reference,state_vector_norm_error_phase_aligned,trace_distance_estimate,retained_norm
0.02,16,1.0,1.633432227107705e-16,0.0,1.0000000000000002
0.05,16,1.0,1.1343066892162426e-16,0.0,0.9999999999999999
0.1,16,1.0,1.282880033660991e-16,0.0,0.9999999999999993
0.2,16,1.0,3.796101321978962e-17,0.0,0.9999999999999984
0.02,24,1.0,1.6683561354673546e-16,0.0,1.0000000000000002
0.05,24,1.0,5.93405468720258e-17,0.0,0.9999999999999999
0.1,24,1.0,6.678102027419543e-17,0.0,1.0000000000000002
0.2,24,1.0,1.541949404818322e-16,0.0,1.0000000000000004
0.02,32,1.0,1.6683561350787324e-16,0.0,1.0000000000000002
0.05,32,1.0,2.5430884604436674e-16,0.0,0.9999999999999999
0.1,32,1.0,1.424592738776401e-16,0.0,1.0000000000000002
0.2,32,1.0,2.3554328919545297e-16,0.0,0.9999999999999999
0.02,48,1.0,1.2533442100174626e-16,0.0,0.9999999999999999
0.05,48,1.0,6.425877680248937e-17,0.0,0.9999999999999982
0.1,48,1.0,1.2719075127093567e-16,0.0,0.999999999999997
0.2,48,1.0,2.3556224548742307e-16,0.0,0.9999999999999941
