label,peak_width,envelope,logical,cutoff,captured_mass,q_translation_stabilizer_abs,p_translation_stabilizer_abs,target_vs_fock_probability_l1,mean_photon_number,logical_overlap_abs
sharp,0.3,0.3,0,48,0.9998513550939362,0.7521525523569628,0.7528190305711678,0.007313266178444822,5.05483352704031,
sharp,0.3,0.3,1,48,0.9998082959646712,0.7532157029214002,0.7524809346899611,0.010122432668094428,5.084754551877369,
sharp,0.3,0.3,overlap|0><1|,48,,,,,,0.00031882895778511224
default,0.4,0.4,0,48,0.9999998740551588,0.5873157085271759,0.6049179120039478,0.0002601973037168998,2.4418172998010372,
default,0.4,0.4,1,48,0.9999996976882929,0.6230441005388638,0.6049123787180621,0.0004465596680593055,2.894849402441101,
default,0.4,0.4,overlap|0><1|,48,,,,,,0.013021654549314705
fuzzy,0.6,0.6,0,48,0.9999999999999969,0.20404684291687994,0.32271898326523873,0.00010343368804263598,0.417148301295546,
fuzzy,0.6,0.6,1,48,0.99999999999997,0.51086594147356,0.3227189832233656,0.000141122040610976,1.8544725911832387,
fuzzy,0.6,0.6,overlap|0><1|,48,,,,,,0.17448855260726479
