outcome,decoded_bit,independent_bit,residual,independent_residual,residual_error,bit_match
-7.519884823893001,1,1,0.0,0.0,0.0,True
-7.269221996429901,1,1,0.2506628274631,0.2506628274631,0.0,True
-7.018559168966801,1,1,0.5013256549262,0.5013256549262,0.0,True
-6.767896341503701,1,1,0.7519884823892999,0.7519884823892999,0.0,True
-6.517233514040601,1,1,1.0026513098524,1.0026513098524,0.0,True
-6.266570686577501,1,1,1.2533141373155,1.2533141373155,0.0,True
-6.015907859114401,0,0,-1.0026513098524008,-1.0026513098524008,0.0,True
-5.7652450316513,0,0,-0.7519884823892999,-0.7519884823892999,0.0,True
-5.514582204188201,0,0,-0.5013256549262008,-0.5013256549262008,0.0,True
-5.2639193767251005,0,0,-0.2506628274631,-0.2506628274631,0.0,True
-5.013256549262001,0,0,-8.881784197001252e-16,-8.881784197001252e-16,0.0,True
-4.7625937217989005,0,0,0.2506628274631,0.2506628274631,0.0,True
-4.5119308943358005,0,0,0.5013256549262,0.5013256549262,0.0,True
-4.2612680668727005,0,0,0.7519884823892999,0.7519884823892999,0.0,True
-4.010605239409601,0,0,1.0026513098524,1.0026513098524,0.0,True
-3.7599424119465006,1,1,-1.2533141373155003,-1.2533141373155003,0.0,True
-3.5092795844834006,1,1,-1.0026513098524004,-1.0026513098524004,0.0,True
-3.2586167570203006,1,1,-0.7519884823893004,-0.7519884823893004,0.0,True
-3.0079539295572006,1,1,-0.5013256549262004,-0.5013256549262004,0.0,True
-2.7572911020941007,1,1,-0.2506628274631004,-0.2506628274631004,0.0,True
-2.5066282746310007,1,1,-4.440892098500626e-16,-4.440892098500626e-16,0.0,True
-2.2559654471679007,1,1,0.25066282746309954,0.25066282746309954,0.0,True
-2.0053026197048007,1,1,0.5013256549261995,0.5013256549261995,0.0,True
-1.7546397922417007,1,1,0.7519884823892995,0.7519884823892995,0.0,True
-1.5039769647785999,1,1,1.0026513098524004,1.0026513098524004,0.0,True
-1.2533141373155,0,0,-1.2533141373155,-1.2533141373155,0.0,True
-1.0026513098524,0,0,-1.0026513098524,-1.0026513098524,0.0,True
-0.7519884823892999,0,0,-0.7519884823892999,-0.7519884823892999,0.0,True
-0.5013256549262,0,0,-0.5013256549262,-0.5013256549262,0.0,True
-0.2506628274631,0,0,-0.2506628274631,-0.2506628274631,0.0,True
0.0,0,0,0.0,0.0,0.0,True
0.2506628274631,0,0,0.2506628274631,0.2506628274631,0.0,True
0.5013256549262,0,0,0.5013256549262,0.5013256549262,0.0,True
0.7519884823893008,0,0,0.7519884823893008,0.7519884823893008,0.0,True
1.0026513098524,0,0,1.0026513098524,1.0026513098524,0.0,True
1.2533141373155008,1,1,-1.2533141373154995,-1.2533141373154995,0.0,True
1.5039769647785999,1,1,-1.0026513098524004,-1.0026513098524004,0.0,True
1.7546397922417007,1,1,-0.7519884823892995,-0.7519884823892995,0.0,True
2.0053026197048,1,1,-0.5013256549262004,-0.5013256549262004,0.0,True
2.2559654471679007,1,1,-0.25066282746309954,-0.25066282746309954,0.0,True
2.506628274631,1,1,-4.440892098500626e-16,-4.440892098500626e-16,0.0,True
2.7572911020941007,1,1,0.2506628274631004,0.2506628274631004,0.0,True
3.0079539295571998,1,1,0.5013256549261995,0.5013256549261995,0.0,True
3.2586167570203006,1,1,0.7519884823893004,0.7519884823893004,0.0,True
3.5092795844833997,1,1,1.0026513098523995,1.0026513098523995,0.0,True
3.7599424119465006,0,0,-1.2533141373155,-1.2533141373155,0.0,True
4.0106052394096,0,0,-1.0026513098524008,-1.0026513098524008,0.0,True
4.2612680668727005,0,0,-0.7519884823892999,-0.7519884823892999,0.0,True
4.511930894335801,0,0,-0.5013256549261991,-0.5013256549261991,0.0,True
4.7625937217989005,0,0,-0.2506628274631,-0.2506628274631,0.0,True
5.013256549262001,0,0,8.881784197001252e-16,8.881784197001252e-16,0.0,True
5.2639193767251005,0,0,0.2506628274631,0.2506628274631,0.0,True
5.514582204188201,0,0,0.5013256549262008,0.5013256549262008,0.0,True
5.7652450316513,0,0,0.7519884823892999,0.7519884823892999,0.0,True
6.015907859114401,0,0,1.0026513098524008,1.0026513098524008,0.0,True
6.2665706865775,1,1,-1.2533141373155008,-1.2533141373155008,0.0,True
6.517233514040601,1,1,-1.0026513098524,-1.0026513098524,0.0,True
6.7678963415037,1,1,-0.7519884823893008,-0.7519884823893008,0.0,True
7.018559168966801,1,1,-0.5013256549262,-0.5013256549262,0.0,True
7.2692219964299,1,1,-0.25066282746310087,-0.25066282746310087,0.0,True
7.519884823893001,1,1,0.0,0.0,0.0,True
