delta,ok_seeds,expected_residual,circular_mean_decoded_residual,circular_std_decoded_residual,circular_mean_error,mean_abs_corrected_q,abs_uncorrected_q
-0.6,16,-0.6,-0.6486585442259362,0.37265115978713453,0.048658544225936184,1.8942289663298748,0.6
-0.44999999999999996,16,-0.44999999999999996,-0.499221041958778,0.37269792921836,0.04922104195877802,1.8938490554050604,0.44999999999999996
-0.3,16,-0.30000000000000004,-0.3497657626866781,0.3727626028275943,0.04976576268667804,1.8935741150596022,0.3
-0.15000000000000002,16,-0.15000000000000013,-0.20033619494886212,0.3728321570831131,0.05033619494886199,1.8935537196356889,0.15000000000000002
0.0,16,0.0,-0.05091270182484175,0.37290041463438517,0.05091270182484175,1.893275534394626,0.0
0.15000000000000002,16,0.15000000000000013,0.09853716763377382,0.37297118247373234,0.05146283236622631,1.8933812546167756,0.15000000000000002
0.29999999999999993,16,0.30000000000000004,0.24797652013721813,0.3730493018479806,0.05202347986278191,1.8937232821647336,0.29999999999999993
0.45000000000000007,16,0.44999999999999996,0.3973486139461685,0.37313088290333396,0.05265138605383146,1.7369035755102713,0.45000000000000007
0.6,16,0.5999999999999999,0.5465974114943905,0.3732543602242146,0.053402588505609416,1.7373259094113103,0.6
