resource_squeezing,map_frobenius_error,noise_trace,noise_spectral_norm,noise_max_eigenvalue,output_q_variance,output_p_variance
0.1,5.978733960281817e-16,8.997894673376232,6.591760998211629,6.591760998211628,3.090876523613158,8.27794858624761
0.11960331691041298,5.978733960281817e-16,8.651943614056306,6.338320967749545,6.338320967749544,2.9931392114284123,8.029734839112429
0.14304953415972682,5.978733960281817e-16,8.255598336649506,6.047962674362766,6.047962674362766,2.8811646385307053,7.745364134603337
0.1710919876799276,5.978733960281817e-16,7.805328562010299,5.7180998734653015,5.718099873465301,2.7539554384265665,7.4223035600682685
0.2046316922331485,5.978733960281817e-16,7.2989261918286195,5.3471149359506915,5.3471149359506915,2.6108877841669194,7.058968844146236
0.24474629136075363,5.978733960281817e-16,6.736213973310776,4.934878008326015,4.934878008326015,2.4519115986926936,6.655232811102618
0.2927246824826849,5.978733960281817e-16,6.119872480733319,4.483352850516273,4.483352850516274,2.277784191796255,6.2130187254216
0.3501084296647658,5.978733960281817e-16,5.456315611013565,3.997238214516337,3.9972382145163365,2.0903176031532738,5.736928444344827
0.41874129466202015,5.978733960281817e-16,4.7564806496585375,3.4845466382196286,3.484546638219629,1.8926018099708017,5.234809276172272
0.5008284776893822,5.978733960281817e-16,4.036321144868882,2.956965519693086,2.956965519693086,1.689143972666286,4.7181076086871325
0.5990074713484289,5.978733960281817e-16,3.3167178087070592,2.4297918443299125,2.429791844329912,1.4858432628667786,4.201804982324816
0.7164328042739126,5.978733960281817e-16,2.6224920143813772,1.9212094835551305,1.9212094835551303,1.2897121588889622,3.703710291976951
0.8568773973458867,5.978733960281817e-16,1.980275210202441,1.4507283503730755,1.4507283503730755,1.1082745173806015,3.242931129306376
1.0248537890812994,5.978733960281817e-16,1.4152172411540511,1.0367729511036328,1.0367729511036328,0.9486356157627628,2.8375120618758247
1.2257591252232825,5.978733960281817e-16,0.9469323488696064,0.6937124685058649,0.6937124685058648,0.8163368252963374,2.501525960057805
1.466048571099108,5.978733960281817e-16,0.5856069094929156,0.42900933233865174,0.4290093323386517,0.7142559779704974,2.242281368006954
1.753442718552248,5.978733960281817e-16,0.3295936284431419,0.2414567522844034,0.2414567522844034,0.641927683839555,2.058596381088123
2.0971756515126065,5.978733960281817e-16,0.1657357414196195,0.12141622412319326,0.12141622412319325,0.5956349235588573,1.9410312543452983
2.5082916406466405,5.978733960281817e-16,0.07283252464108977,0.05335632531362801,0.05335632531362801,0.5693881165130861,1.87437484461254
3.0,5.978733960281817e-16,0.02724161871677198,0.019956917290518836,0.019956917290518832,0.5565078767072883,1.8416641784940198
