resource_squeezing,map_frobenius_error,noise_trace,noise_spectral_norm,noise_max_eigenvalue
0.1,2.6606138716777313e-16,6.549846024623855,1.6374615061559636,1.6374615061559636
0.11960331691041298,2.6606138716777313e-16,6.298017541089183,1.5745043852722957,1.5745043852722957
0.14304953415972682,2.6606138716777313e-16,6.009505546468636,1.502376386617159,1.502376386617159
0.1710919876799276,2.6606138716777313e-16,5.681740241307282,1.4204350603268205,1.4204350603268205
0.2046316922331485,2.6606138716777313e-16,5.313114282502855,1.3282785706257136,1.3282785706257136
0.24474629136075363,2.6606138716777313e-16,4.903498642260711,1.2258746605651778,1.2258746605651778
0.2927246824826849,2.6606138716777313e-16,4.454844593562625,1.1137111483906563,1.1137111483906563
0.3501084296647658,2.6606138716777313e-16,3.9718210104898333,0.9929552526224583,0.9929552526224583
0.41874129466202015,2.6606138716777313e-16,3.4623894816804333,0.8655973704201083,0.8655973704201083
0.5008284776893822,2.6606138716777313e-16,2.938163088644461,0.7345407721611152,0.7345407721611152
0.5990074713484289,2.6606138716777313e-16,2.4143415479665418,0.6035853869916354,0.6035853869916354
0.7164328042739126,2.6606138716777313e-16,1.908993105445906,0.4772482763614765,0.4772482763614765
0.8568773973458867,2.6606138716777313e-16,1.4415036165719837,0.3603759041429959,0.3603759041429959
1.0248537890812994,2.6606138716777313e-16,1.0301804319158443,0.2575451079789611,0.2575451079789611
1.2257591252232825,2.6606138716777313e-16,0.6893013650385483,0.17232534125963708,0.17232534125963708
1.466048571099108,2.6606138716777313e-16,0.4262813944114784,0.1065703486028696,0.1065703486028696
1.753442718552248,2.6606138716777313e-16,0.23992140332418832,0.05998035083104708,0.05998035083104708
2.0971756515126065,2.6606138716777313e-16,0.1206441758300844,0.0301610439575211,0.0301610439575211
2.5082916406466405,2.6606138716777313e-16,0.053017048909816025,0.013254262227454006,0.013254262227454006
3.0,2.6606138716777313e-16,0.019830017413330868,0.004957504353332717,0.004957504353332717
