squeezing_r,identity_matrix_error,channel_vs_closed_form_matrix_error,channel_vs_closed_form_noise_error,output_mean_error,noise_q,noise_p,added_variance_trace,predicted_noise_each,predicted_noise_trace,analytic_q_variance,analytic_p_variance,predicted_output_variance,single_q_variance,single_p_variance,log10_added_variance
0.2,1.7319121124709866e-16,1.7319121124709866e-16,1.297119575926441e-33,1.5700924586837752e-16,1.3406400920712787,1.3406400920712787,2.6812801841425573,1.3406400920712787,2.6812801841425573,2.3406400920712787,2.3406400920712787,2.3406400920712787,0.7374454767154894,1.3560324547028246,0.42834219856666167
0.3,1.7319121124709866e-16,1.7319121124709866e-16,6.285505892772194e-34,1.5700924586837752e-16,1.097623272188053,1.097623272188053,2.195246544376106,1.097623272188053,2.195246544376106,2.097623272188053,2.097623272188053,2.097623272188053,0.7872094018642406,1.2703100313993159,0.34148330218601136
0.4,1.7319121124709866e-16,1.7319121124709866e-16,2.883728243550319e-34,1.5700924586837752e-16,0.8986579282344431,0.8986579282344431,1.7973158564688863,0.8986579282344431,1.7973158564688863,1.8986579282344431,1.8986579282344431,1.8986579282344431,0.8313413087760415,1.2028753887765664,0.2546244058053609
0.5,1.7319121124709866e-16,1.7319121124709866e-16,1.5370315943038467e-34,1.5700924586837752e-16,0.7357588823428847,0.7357588823428847,1.4715177646857693,0.7357588823428847,1.4715177646857693,1.7357588823428847,1.7357588823428847,1.7357588823428847,0.8692291672244918,1.1504445981639897,0.16776550942471058
0.6,1.7319121124709866e-16,1.7319121124709866e-16,7.930637649951123e-34,1.5700924586837752e-16,0.6023884238244043,0.6023884238244043,1.2047768476488085,0.6023884238244043,1.2047768476488085,1.6023884238244044,1.6023884238244044,1.6023884238244044,0.9007035886493164,1.1102431616816228,0.08090661304406026
0.7,1.7319121124709866e-16,1.7319121124709866e-16,1.3299043433348527e-33,1.5700924586837752e-16,0.493193927883213,0.493193927883213,0.986387855766426,0.493193927883213,0.986387855766426,1.493193927883213,1.493193927883213,1.493193927883213,0.9260363038196382,1.0798712705703692,-0.005952283336590146
0.8,1.7319121124709866e-16,1.7319121124709866e-16,4.469344406480946e-34,1.5700924586837752e-16,0.40379303598931077,0.40379303598931077,0.8075860719786215,0.40379303598931077,0.8075860719786215,1.4037930359893107,1.4037930359893107,1.4037930359893107,0.945841446344911,1.0572596536812584,-0.0928111797172406
0.9,1.7319121124709866e-16,1.7319121124709866e-16,3.4569977292527688e-34,1.5700924586837752e-16,0.33059777644317306,0.33059777644317306,0.6611955528863461,0.33059777644317306,0.6611955528863461,1.3305977764431731,1.3305977764431731,1.3305977764431731,0.9609304724506345,1.0406580170672766,-0.17967007609789093
1.0,1.7319121124709866e-16,1.7319121124709866e-16,5.851567992351499e-34,1.5700924586837752e-16,0.2706705664732254,0.2706705664732254,0.5413411329464508,0.2706705664732254,0.5413411329464508,1.2706705664732254,1.2706705664732254,1.2706705664732254,0.9721726450350552,1.0286238818866793,-0.26652897247854124
1.5,1.7319121124709866e-16,1.7319121124709866e-16,1.4794678367977418e-34,1.5700924586837752e-16,0.09957413673572789,0.09957413673572789,0.19914827347145578,0.09957413673572789,0.19914827347145578,1.099574136735728,1.099574136735728,1.099574136735728,0.9955166927380148,1.0045034978264955,-0.700823454381793
2.0,1.7319121124709866e-16,1.7319121124709866e-16,9.190136956108987e-35,1.5700924586837752e-16,0.03663127777746836,0.03663127777746836,0.07326255555493671,0.03663127777746836,0.07326255555493671,1.0366312777774684,1.0366312777774684,1.0366312777774684,0.9993533062966264,1.0006471121867735,-1.135117936285045
3.0,1.7319121124709866e-16,1.7319121124709866e-16,6.420587349322077e-36,1.5700924586837752e-16,0.004957504353332717,0.004957504353332717,0.009915008706665434,0.004957504353332717,0.009915008706665434,1.0049575043533328,1.0049575043533328,1.0049575043533328,0.9999877723815871,1.000012227767963,-2.0037069000915486
5.0,1.7319121124709866e-16,1.7319121124709866e-16,1.3051642278091693e-37,1.5700924586837752e-16,9.079985952496971e-05,9.079985952496971e-05,0.00018159971904993942,9.079985952496971e-05,0.00018159971904993942,1.000090799859525,1.000090799859525,1.000090799859525,0.999999995881808,1.000000004124262,-3.740884827704556
