eta,nbar,gaussian_mean_error,gaussian_covariance_error,piquasso_mean_error,piquasso_covariance_error
0.2,0.0,0.0,0.0,3.554447978966673e-16,0.0
0.2,0.3,0.0,0.0,3.554447978966673e-16,0.0
0.2,0.8,0.0,0.0,3.554447978966673e-16,0.0
0.2,1.5,0.0,0.0,3.554447978966673e-16,6.280369834735101e-16
0.2,3.0,0.0,0.0,3.554447978966673e-16,1.2560739669470201e-15
0.4,0.0,0.0,0.0,2.7755575615628914e-16,0.0
0.4,0.3,0.0,0.0,2.7755575615628914e-16,6.280369834735101e-16
0.4,0.8,0.0,0.0,2.7755575615628914e-16,6.280369834735101e-16
0.4,1.5,0.0,0.0,2.7755575615628914e-16,6.280369834735101e-16
0.4,3.0,0.0,0.0,2.7755575615628914e-16,1.2560739669470201e-15
0.6,0.0,0.0,0.0,3.7238012298709097e-16,0.0
0.6,0.3,0.0,0.0,3.7238012298709097e-16,6.280369834735101e-16
0.6,0.8,0.0,0.0,3.7238012298709097e-16,6.280369834735101e-16
0.6,1.5,0.0,0.0,3.7238012298709097e-16,1.2560739669470201e-15
0.6,3.0,0.0,0.0,3.7238012298709097e-16,1.88411095042053e-15
0.8,0.0,0.0,1.5700924586837752e-16,4.577566798522237e-16,0.0
0.8,0.3,0.0,3.1401849173675503e-16,4.577566798522237e-16,0.0
0.8,0.8,0.0,0.0,4.577566798522237e-16,3.1401849173675503e-16
0.8,1.5,0.0,3.1401849173675503e-16,4.577566798522237e-16,3.1401849173675503e-16
0.8,3.0,0.0,0.0,4.577566798522237e-16,6.280369834735101e-16
1.0,0.0,0.0,0.0,3.1401849173675503e-16,0.0
1.0,0.3,0.0,0.0,3.1401849173675503e-16,0.0
1.0,0.8,0.0,0.0,3.1401849173675503e-16,0.0
1.0,1.5,0.0,0.0,3.1401849173675503e-16,0.0
1.0,3.0,0.0,0.0,3.1401849173675503e-16,0.0
