efficiency,noise,empirical_variance,predicted_variance,absolute_error,sampling_error_6sigma,within_tolerance
1.0,0.0,0.998544187602908,1.0,0.0014558123970920267,0.10955364135157215,True
1.0,0.2,1.1982530251234897,1.2,0.00174697487651021,0.1314643696218866,True
1.0,0.6,1.597670700164653,1.6,0.0023292998353470207,0.17528582616251545,True
0.9,0.0,1.1094935417810092,1.1111111111111112,0.0016175693301019312,0.1217262681684135,True
0.9,0.2,1.3092023793015906,1.3111111111111111,0.0019087318095205585,0.14363699643872793,True
0.9,0.6,1.7086200543427545,1.7111111111111112,0.002491056768356703,0.18745845297935682,True
0.7,0.0,1.4264916965755827,1.4285714285714286,0.0020797319958458793,0.15650520193081738,True
0.7,0.2,1.6262005340961647,1.6285714285714286,0.0023708944752638406,0.17841593020113178,True
0.7,0.6,2.025618209137328,2.0285714285714285,0.002953219434100429,0.22223738674176063,True
0.5,0.0,1.9970883752058166,2.0,0.0029116247941833873,0.2191072827031443,True
0.5,0.2,2.196797212726398,2.2,0.0032027872736022367,0.24101801097345876,True
0.5,0.6,2.5962148877675615,2.6,0.0037851122324386033,0.2848394675140876,True
