workload,cutoff,dimension,seconds,norm,minimum_retained_norm,maximum_boundary_population,photon_number,fidelity_to_previous,trace_distance_to_previous,fidelity_to_highest_cutoff,trace_distance_to_highest_cutoff
cat_state,16,16,0.02604990004329011,1.0000000000000004,0.9999999956288915,2.0380570658794093e-07,2.2005586976973803,,,0.9999999956288921,6.61143571408615e-05
cat_state,24,24,0.001360700000077486,1.0,0.9999999999999998,1.0382889756224603e-14,2.2005587581623285,0.9999999956288921,6.611435641507246e-05,1.0,9.796435753820631e-09
cat_state,32,32,0.0014412999735213816,1.0,1.0,2.88991390849956e-23,2.2005587581623303,1.0,9.796435746259214e-09,1.0,3.849024178426492e-13
cat_state,48,48,0.0016269999905489385,1.0,1.0,6.010292070517413e-43,2.2005587581623303,1.0,3.849024178426492e-13,1.0,3.676290732613081e-23
cat_state,64,64,0.0017355000018142164,1.0,1.0,4.534080074599125e-65,2.2005587581623303,1.0,3.676290732613081e-23,1.0,0.0
photon_subtraction,8,8,0.06413799995789304,1.0,0.9999999999999999,0.0,1.0,,,1.0,0.0
photon_subtraction,12,12,0.004373400006443262,1.0,0.9999999999999999,0.0,1.0,1.0,0.0,1.0,0.0
photon_subtraction,16,16,0.004829300043638796,1.0,0.9999999999999999,0.0,1.0,1.0,0.0,1.0,0.0
photon_subtraction,24,24,0.007799000013619661,1.0,0.9999999999999999,0.0,1.0,1.0,0.0,1.0,0.0
photon_subtraction,32,32,0.009922600002028048,1.0,0.9999999999999999,0.0,1.0,1.0,0.0,1.0,0.0
cubic_phase,16,16,0.058068000013008714,1.0,1.0000000000000002,5.105297016754018e-07,0.11975371595687398,,,0.9999998212478134,0.0004227909495756514
cubic_phase,24,24,0.007100099988747388,1.0,1.0000000000000002,3.0758274654757644e-09,0.11975399749571757,0.9999998219503027,0.0004219593552302837,0.9999999986312647,3.699642862742666e-05
cubic_phase,32,32,0.00990760000422597,1.0000000000000002,1.0000000000000002,3.717082272108216e-11,0.11975399996123948,0.9999999986433223,3.6833106734706466e-05,0.999999999981162,4.340303468461783e-06
cubic_phase,48,48,0.013926199986599386,1.0000000000000002,0.9999999999999993,1.7919029423526384e-14,0.11975399999997197,0.9999999999811562,4.340959699396221e-06,0.9999999999999887,1.0821185498845947e-07
cubic_phase,64,64,0.01726819999748841,1.0000000000000004,0.9999999999999998,2.5603625639800633e-17,0.11975400000000008,0.9999999999999887,1.0821185498845947e-07,1.0,0.0
gkp_resource,24,24,0.2363855000003241,1.0,0.9991148519899783,9.967245179593427e-05,2.4208989401274774,,,0.9991148519900639,0.02975143710707922
gkp_resource,32,32,0.2789381999755278,1.0000000000000002,0.9999859906431398,3.9020470588518066e-05,2.441329404921793,0.9991288491425756,0.029515264820508216,0.9999859906432256,0.0037429075295720288
gkp_resource,48,48,0.46633529994869605,1.0000000000000002,0.9999998740551586,5.457322243432065e-08,2.4418172998010372,0.9999861165862329,0.0037260453254702457,0.9999998740552445,0.00035488696230134885
gkp_resource,64,64,0.6981420000083745,1.0000000000000004,0.9999999974474549,8.968251240022755e-10,2.441823527132606,0.9999998766077036,0.00035127239665340903,0.9999999974475406,5.052187324123056e-05
gkp_resource,96,96,0.9605140000348911,1.0000000000000004,0.9999999999999145,8.174169760304017e-14,2.441823687749445,0.9999999974475406,5.052187324123056e-05,1.0,0.0
