modes,commands,backend,median_seconds,std_seconds,iqr_seconds,min_seconds,max_seconds,repeats,warmup
10,18,gaussian,0.019480500021018088,0.0015556439474542928,0.002098599972669035,0.016498700017109513,0.020845299994107336,9,2
10,18,piquasso,0.07619170000543818,0.007227458525509705,0.0029311999678611755,0.0706658000126481,0.09287310001673177,9,2
20,38,gaussian,0.04852969996863976,0.0038371799449262944,0.0025783999590203166,0.043206000002101064,0.05666440003551543,9,2
20,38,piquasso,0.2261589000117965,0.02504844684661602,0.021067699999548495,0.19298400002298877,0.26873409998370335,9,2
50,98,gaussian,0.4660406000330113,0.057683914474976776,0.0647282000281848,0.3844000999815762,0.5830382999847643,9,2
50,98,piquasso,1.2716555999941193,0.054360329558821245,0.08518480003112927,1.2366270999773405,1.3747331000049599,9,2
100,198,gaussian,4.909456699970178,0.3191772678212229,0.383943900000304,4.333318600023631,5.12002690002555,5,1
100,198,piquasso,19.658938299980946,1.2145259905110708,1.0074657999794,18.363640900002792,21.61232850002125,5,1
200,398,gaussian,49.67803259997163,0.4727980936739141,0.46104389999527484,49.3369499000255,50.55159669998102,5,1
200,398,piquasso,193.5747532999958,4.304658380018187,1.3245535000460222,193.0109268000233,203.03213320003124,5,1
