theta,squeezing,map_frobenius_error,noise_spectral_norm,noise_trace,commands
-3.141592653589793,1.2,1.9464375114673287e-16,0.36287181315765005,0.5443077197364752,21
-2.8797932657906435,1.2,2.3235379165971276e-14,5.504649663154229,5.596887721884578,17
-2.6179938779914944,1.2,5.19704161423464e-15,1.5299738932326779,1.6264099032072301,17
-2.356194490192345,1.2,1.680072297996111e-15,0.7891130409317099,0.8916147928111192,17
-2.0943951023931957,1.2,8.81212206892831e-16,0.5253737804330444,0.6350256730258877,17
-1.8325957145940461,1.2,5.117875266520903e-16,0.3995838536497302,0.5169468559374923,17
-1.5707963267948966,1.2,4.3523721725428586e-16,0.3282206383909197,0.4535897664470625,17
-1.3089969389957472,1.2,6.591583993652515e-16,0.28270060951446124,0.41628570096542117,17
-1.0471975511965979,1.2,3.885780586188048e-16,0.2510702708254144,0.39311113092078753,17
-0.7853981633974483,1.2,1.9229626863835638e-16,0.22759231272906666,0.3784365532406554,17
-0.5235987755982991,1.2,4.335559509131367e-16,0.20921751938535893,0.3693850691598471,17
-0.2617993877991496,1.2,3.554447978966673e-16,0.1941911783687479,0.3644441712078612,17
0.0,1.2,5.087681048627601e-16,0.36287181315765,0.544307719736475,21
0.26179938779914913,1.2,5.768888059150692e-16,0.1941911783687479,0.3644441712078612,17
0.5235987755982987,1.2,1.2412670766236366e-16,0.20921751938535893,0.36938506915984715,17
0.7853981633974478,1.2,1.5700924586837752e-16,0.2275923127290666,0.37843655324065534,17
1.0471975511965974,1.2,1.9229626863835638e-16,0.2510702708254144,0.39311113092078753,17
1.3089969389957465,1.2,4.742874840267547e-16,0.28270060951446113,0.4162857009654211,17
1.5707963267948966,1.2,1.3544899930148195e-16,0.32822063839091975,0.4535897664470625,17
1.8325957145940457,1.2,1.6653345369377348e-16,0.39958385364973,0.5169468559374921,17
2.094395102393195,1.2,2.5438405243138006e-16,0.5253737804330438,0.6350256730258872,17
2.356194490192345,1.2,1.4686870114880516e-15,0.7891130409317101,0.8916147928111194,17
2.617993877991494,1.2,6.080941944488118e-16,1.529973893232673,1.626409903207226,17
2.879793265790643,1.2,4.488171840998846e-15,5.5046496631542,5.596887721884548,17
3.141592653589793,1.2,4.8853393677932626e-17,0.36287181315765005,0.544307719736475,21
