gate,observable,t0,step_size,jax_gradient,finite_difference_gradient,absolute_error,relative_error
rotation,q,0.4,0.01,-0.6020754029863444,-0.6020653684464694,1.0034539875025672e-05,1.666658333034951e-05
rotation,q,0.4,0.001,-0.6020754029863444,-0.6020753026404757,1.0034586872542661e-07,1.6666661389537374e-07
rotation,q,0.4,0.0001,-0.6020754029863444,-0.6020754019822605,1.0040839271141522e-09,1.667704613298952e-09
rotation,q,0.4,1e-05,-0.6020754029863444,-0.6020754029723019,1.404254490466883e-11,2.332356517973767e-11
displacement,q,0.4,0.01,0.9999999999997167,0.9999999999997011,1.554312234475219e-14,1.5543122344756597e-14
displacement,q,0.4,0.001,0.9999999999997167,0.9999999999999454,2.2870594307278225e-13,2.28705943072847e-13
displacement,q,0.4,0.0001,0.9999999999997167,1.0000000000015552,1.8385293287792592e-12,1.8385293287797803e-12
displacement,q,0.4,1e-05,0.9999999999997167,1.000000000001,1.283417816466681e-12,1.2834178164670447e-12
squeezing,photon_number,0.4,0.01,0.9850381465387592,0.9851018919736082,6.374543484899409e-05,6.471367131616546e-05
squeezing,photon_number,0.4,0.001,0.9850381465387592,0.9850387840083519,6.374695926680829e-07,6.47152188885306e-07
squeezing,photon_number,0.4,0.0001,0.9850381465387592,0.9850381529125096,6.373750416344137e-09,6.470562017055188e-09
squeezing,photon_number,0.4,1e-05,0.9850381465387592,0.9850381466169899,7.823064418488457e-11,7.941889810031469e-11
cubic_phase,p,0.4,0.01,1.1884044900939512,1.188245398622062,0.00015909147188919448,0.00013386980040492547
cubic_phase,p,0.4,0.001,1.1884044900939512,1.1884028991009932,1.590992958044879e-06,1.3387638395064465e-06
cubic_phase,p,0.4,0.0001,1.1884044900939512,1.1884044741816702,1.5912281048358068e-08,1.3389617071456957e-08
cubic_phase,p,0.4,1e-05,1.1884044900939512,1.1884044899490576,1.448936526315947e-10,1.2192284179281408e-10
kerr,q,0.4,0.01,-0.7834350480373821,-0.7833846132948075,5.043474257460101e-05,6.437641856966615e-05
kerr,q,0.4,0.001,-0.7834350480373821,-0.7834345436671664,5.043702157037089e-07,6.437932754824144e-07
kerr,q,0.4,0.0001,-0.7834350480373821,-0.7834350429894443,5.0479377344814225e-09,6.443339172950247e-09
kerr,q,0.4,1e-05,-0.7834350480373821,-0.783435047974068,6.331402069292835e-11,8.081591556509901e-11
loss,photon_number,0.5,0.01,0.13,0.12999999999999887,1.1379786002407855e-15,8.753681540313734e-15
loss,photon_number,0.5,0.001,0.13,0.12999999999999817,1.8318679906315083e-15,1.4091292235626986e-14
loss,photon_number,0.5,0.0001,0.13,0.13000000000006062,6.061817714453355e-14,4.662936703425657e-13
loss,photon_number,0.5,1e-05,0.13,0.13000000000096268,9.626743846524732e-13,7.405187574249794e-12
