logical_squeezing_r,resource_squeezing,map_frobenius_error,noise_spectral_norm,noise_trace,matrix_condition_number,matrix_finite,noise_finite
-1.5,1.2,1.71252361489345e-15,3.7809359844020327,3.920908041591866,20.08553692318767,True,True
-1.0,1.2,1.530711550218223e-15,1.4786821948676585,1.625071291842585,7.389056098930645,True,True
-0.5,1.2,8.624840113991051e-16,0.6369104678121044,0.7987210577117765,2.718281828459046,True,True
-0.2,1.2,5.978752432983223e-16,0.4276189803277646,0.6036344889666809,1.4918246976412708,True,True
0.0,1.2,5.087681048627601e-16,0.36287181315765,0.544307719736475,1.0,True,True
0.2,1.2,7.850476361818259e-16,0.35534633590988096,0.529109268355286,1.4918246976412692,True,True
0.5,1.2,1.112167584351488e-15,0.43879445018965735,0.585497363730496,2.718281828459043,True,True
1.0,1.2,2.1850335951115083e-15,0.8532651483377838,0.9670285857100145,7.38905609893066,True,True
1.5,1.2,3.847518542748416e-15,2.003769901788763,2.1033058221439687,20.085536923187632,True,True
