weight,squeezing,map_frobenius_error,noise_oracle_frobenius_error,noise_spectral_norm,noise_trace,max_state_mean_error,max_state_covariance_error,mean_p0_q1_correlation,mean_q0_q1_correlation
-2.0,1.0,4.2423009548996277e-16,8.275366815931792e-34,0.2706705664732254,1.0826822658929016,2.7383934913210134e-16,1.3855296899767893e-15,-2.0,4.898587196589413e-16
-1.0,1.0,2.9997597730436923e-16,8.275366815931792e-34,0.2706705664732254,1.0826822658929016,1.7319121124709866e-16,5.476786982642027e-16,-1.0,2.4492935982947064e-16
-0.5,1.0,2.5978681687064796e-16,8.275366815931792e-34,0.2706705664732254,1.0826822658929016,1.3691967456605067e-16,2.5246740534795566e-16,-0.5,1.2246467991473532e-16
-0.1,1.0,2.455409197323466e-16,8.275366815931792e-34,0.2706705664732254,1.0826822658929016,1.3877787807814457e-16,4.9047066083402174e-17,-0.1,2.4492935982947065e-17
0.1,1.0,2.455409197323466e-16,8.275366815931792e-34,0.2706705664732254,1.0826822658929016,1.7772239894833365e-16,4.9047066083402174e-17,0.1,-2.4492935982947065e-17
0.5,1.0,2.5978681687064796e-16,8.275366815931792e-34,0.2706705664732254,1.0826822658929016,1.8619006149354548e-16,2.5246740534795566e-16,0.5,-1.2246467991473532e-16
1.0,1.0,2.9997597730436923e-16,8.275366815931792e-34,0.2706705664732254,1.0826822658929016,1.7554167342883506e-16,5.476786982642027e-16,1.0,-2.4492935982947064e-16
1.5,1.0,3.5704282870022457e-16,8.275366815931792e-34,0.2706705664732254,1.0826822658929016,2.7194799110210365e-16,9.184850993605148e-16,1.5,-3.6739403974420594e-16
2.0,1.0,4.2423009548996277e-16,8.275366815931792e-34,0.2706705664732254,1.0826822658929016,3.7238012298709097e-16,1.3855296899767893e-15,2.0,-4.898587196589413e-16
