theta,squeezing,map_frobenius_error,determinant_error,noise_spectral_norm,noise_trace,resource_nodes,measurements,commands
-3.0915926535897933,1.2,3.953727918422607e-15,1.1102230246251565e-16,3.7721450747099174,12.904091886699979,96,96,391
-2.7051435718910692,1.2,3.978430722306971e-15,4.440892098500626e-16,3.604180078112034,11.900957591455184,96,96,391
-2.318694490192345,1.2,3.8250028533531644e-15,8.881784197001252e-16,3.536383152045501,11.19739436125584,96,96,391
-1.9322454084936207,1.2,3.8182993539714625e-15,3.3306690738754696e-16,3.5069699947876467,10.696002033788726,96,96,391
-1.5457963267948966,1.2,3.252709778233265e-15,6.661338147750939e-16,3.5064027268668942,10.33828402063072,96,96,391
-1.1593472450961726,1.2,3.2998392556387404e-15,2.220446049250313e-16,3.5325801424027428,10.088016911650765,96,96,391
-0.7728981633974481,1.2,3.0952220787669097e-15,0.0,3.5748767442761524,9.922572136936893,96,96,391
-0.38644908169872405,1.2,3.2276249682579522e-15,4.440892098500626e-16,3.61332103774137,9.828212832259037,96,96,391
0.0,1.2,2.9813418107449522e-15,9.992007221626409e-16,3.6287181315764987,9.797538955256547,96,96,391
0.38644908169872405,1.2,3.2276249682579522e-15,4.440892098500626e-16,3.61332103774137,9.828212832259037,96,96,391
0.7728981633974481,1.2,3.0952220787669097e-15,0.0,3.5748767442761524,9.922572136936893,96,96,391
1.1593472450961722,1.2,3.164964178406322e-15,4.440892098500626e-16,3.5325801424027437,10.088016911650765,96,96,391
1.545796326794897,1.2,3.240307454087117e-15,0.0,3.5064027268668942,10.338284020630722,96,96,391
1.9322454084936211,1.2,3.3964079627981092e-15,4.440892098500626e-16,3.506969994787646,10.696002033788726,96,96,391
2.318694490192345,1.2,3.8250028533531644e-15,8.881784197001252e-16,3.536383152045501,11.19739436125584,96,96,391
2.7051435718910692,1.2,3.978430722306971e-15,4.440892098500626e-16,3.604180078112034,11.900957591455184,96,96,391
3.0915926535897933,1.2,3.953727918422607e-15,1.1102230246251565e-16,3.7721450747099174,12.904091886699979,96,96,391
